Datetime,Water Level (m)
2025-04-22 12:00:00,0.028033866
2025-04-22 13:00:00,0.1565067
2025-04-22 14:00:00,0.26501533
2025-04-22 15:00:00,0.34461823
2025-04-22 16:00:00,0.36016798
2025-04-22 17:00:00,0.2845593
2025-04-22 18:00:00,0.15646742
2025-04-22 19:00:00,0.030320434
2025-04-22 20:00:00,-0.09003567
2025-04-22 21:00:00,-0.19922464
2025-04-22 22:00:00,-0.27853748
2025-04-22 23:00:00,-0.2783376
2025-04-23 00:00:00,-0.1451639
2025-04-23 01:00:00,-0.002214224
2025-04-23 02:00:00,0.13088429
2025-04-23 03:00:00,0.23424844
2025-04-23 04:00:00,0.29272994
2025-04-23 05:00:00,0.28118154
2025-04-23 06:00:00,0.18449108
2025-04-23 07:00:00,0.06469579
2025-04-23 08:00:00,-0.047971524
2025-04-23 09:00:00,-0.15306316
2025-04-23 10:00:00,-0.23384495
2025-04-23 11:00:00,-0.24713646
2025-04-23 12:00:00,-0.11138211
2025-04-23 13:00:00,0.050953068
2025-04-23 14:00:00,0.21153301
2025-04-23 15:00:00,0.41944748
2025-04-23 16:00:00,0.48763984
2025-04-23 17:00:00,0.50302655
2025-04-23 18:00:00,0.4129311
2025-04-23 19:00:00,0.2615355
2025-04-23 20:00:00,0.115930915
2025-04-23 21:00:00,-0.017645616
2025-04-23 22:00:00,-0.14042458
2025-04-23 23:00:00,-0.23713602
2025-04-24 00:00:00,-0.2569054
2025-04-24 01:00:00,-0.10318265
2025-04-24 02:00:00,0.07349451
2025-04-24 03:00:00,0.23896131
2025-04-24 04:00:00,0.4588823
2025-04-24 05:00:00,0.5028055
2025-04-24 06:00:00,0.47623736
2025-04-24 07:00:00,0.3564657
2025-04-24 08:00:00,0.20368898
2025-04-24 09:00:00,0.061414935
2025-04-24 10:00:00,-0.070628956
2025-04-24 11:00:00,-0.17961638
2025-04-24 12:00:00,-0.22875391
2025-04-24 13:00:00,-0.09503079
2025-04-24 14:00:00,0.100437574
2025-04-24 15:00:00,0.34190312
2025-04-24 16:00:00,0.6420051
2025-04-24 17:00:00,0.7297021
2025-04-24 18:00:00,0.6450352
2025-04-24 19:00:00,0.5216245
2025-04-24 20:00:00,0.3424817
2025-04-24 21:00:00,0.18279557
2025-04-24 22:00:00,0.03602871
2025-04-24 23:00:00,-0.103990965
2025-04-25 00:00:00,-0.21271561
2025-04-25 01:00:00,-0.23063327
2025-04-25 02:00:00,-0.034576558
2025-04-25 03:00:00,0.17710221
2025-04-25 04:00:00,0.57086194
2025-04-25 05:00:00,0.73145384
2025-04-25 06:00:00,0.77226365
2025-04-25 07:00:00,0.6307417
2025-04-25 08:00:00,0.47267926
2025-04-25 09:00:00,0.29874873
2025-04-25 10:00:00,0.14329101
2025-04-25 11:00:00,0.0006284274
2025-04-25 12:00:00,-0.12146103
2025-04-25 13:00:00,-0.18377282
2025-04-25 14:00:00,-0.035844706
2025-04-25 15:00:00,0.20743608
2025-04-25 16:00:00,0.51245135
2025-04-25 17:00:00,0.7616708
2025-04-25 18:00:00,0.8451266
2025-04-25 19:00:00,0.72376513
2025-04-25 20:00:00,0.554725
2025-04-25 21:00:00,0.36871403
2025-04-25 22:00:00,0.20285168
2025-04-25 23:00:00,0.048261188
2025-04-26 00:00:00,-0.09774857
2025-04-26 01:00:00,-0.21933465
2025-04-26 02:00:00,-0.20259963
2025-04-26 03:00:00,0.035745576
2025-04-26 04:00:00,0.28729838
2025-04-26 05:00:00,0.70582044
2025-04-26 06:00:00,0.8638251
2025-04-26 07:00:00,0.88388366
2025-04-26 08:00:00,0.7097422
2025-04-26 09:00:00,0.52561677
2025-04-26 10:00:00,0.34213006
2025-04-26 11:00:00,0.17985325
2025-04-26 12:00:00,0.028019108
2025-04-26 13:00:00,-0.10858877
2025-04-26 14:00:00,-0.16412264
2025-04-26 15:00:00,0.01966589
2025-04-26 16:00:00,0.2879174
2025-04-26 17:00:00,0.6605106
2025-04-26 18:00:00,0.84865177
2025-04-26 19:00:00,0.8868033
2025-04-26 20:00:00,0.70536333
2025-04-26 21:00:00,0.52459663
2025-04-26 22:00:00,0.33971307
2025-04-26 23:00:00,0.1762118
2025-04-27 00:00:00,0.020821331
2025-04-27 01:00:00,-0.123673744
2025-04-27 02:00:00,-0.22976534
2025-04-27 03:00:00,-0.13379577
2025-04-27 04:00:00,0.12665491
2025-04-27 05:00:00,0.49769288
2025-04-27 06:00:00,0.8121883
2025-04-27 07:00:00,0.9665304
2025-04-27 08:00:00,0.9270577
2025-04-27 09:00:00,0.71875674
2025-04-27 10:00:00,0.53042114
2025-04-27 11:00:00,0.34721792
2025-04-27 12:00:00,0.18213454
2025-04-27 13:00:00,0.02663599
2025-04-27 14:00:00,-0.10727104
2025-04-27 15:00:00,-0.128307
2025-04-27 16:00:00,0.10773848
2025-04-27 17:00:00,0.4035101
2025-04-27 18:00:00,0.77505404
2025-04-27 19:00:00,0.9236999
2025-04-27 20:00:00,0.86862594
2025-04-27 21:00:00,0.64802885
2025-04-27 22:00:00,0.4643554
2025-04-27 23:00:00,0.29166856
2025-04-28 00:00:00,0.1302796
2025-04-28 01:00:00,-0.025289282
2025-04-28 02:00:00,-0.16464958
2025-04-28 03:00:00,-0.23417284
2025-04-28 04:00:00,-0.049259946
2025-04-28 05:00:00,0.20945194
2025-04-28 06:00:00,0.670038
2025-04-28 07:00:00,0.9044387
2025-04-28 08:00:00,1.0229603
2025-04-28 09:00:00,0.903878
2025-04-28 10:00:00,0.6808019
2025-04-28 11:00:00,0.5034304
2025-04-28 12:00:00,0.33509
